{
  "name": "post",
  "customName": false,
  "customRole": false,
  "handler": "post/handler.handler",
  "timeout": 6,
  "memorySize": 1024,
  "custom": {
    "excludePatterns": [],
    "envVars": []
  },
  "endpoints": [
    {
      "path": "post",
      "method": "GET",
      "type": "AWS",
      "authorizationType": "none",
      "apiKeyRequired": false,
      "requestParameters": {
        "integration.request.querystring.postId":"method.request.querystring.postId"
      },
      "requestTemplates":"$${apiRequestPostReadTemplate}",
      "responses": {
        "400": {
          "statusCode": "400"
        },
        "default": {
          "statusCode": "200",
          "responseParameters": {},
          "responseModels": {},
          "responseTemplates": {
            "application/json": ""
          }
        }
      }
    },
    {
      "path": "post",
      "method": "POST",
      "type": "AWS",
      "authorizationType": "none",
      "apiKeyRequired": false,
      "requestParameters": {},
      "requestTemplates": "$${apiRequestPostCreateTemplate}",
      "responses": {
        "400": {
          "statusCode": "400"
        },
        "default": {
          "statusCode": "200",
          "responseParameters": {},
          "responseModels": {},
          "responseTemplates": {
            "application/json": ""
          }
        }
      }
    }
  ],
  "events": []
}