{
  "name": "room",
  "customName": false,
  "customRole": false,
  "handler": "post/handler.handler",
  "timeout": 6,
  "memorySize": 1024,
  "custom": {
    "excludePatterns": [],
    "envVars": []
  },
  "endpoints": [
    {
      "path": "room",
      "method": "GET",
      "type": "AWS",
      "authorizationType": "none",
      "apiKeyRequired": false,
      "requestParameters": {
        "integration.request.querystring.roomId": "method.request.querystring.roomId"
      },
      "requestTemplates": "$${apiRequestPostReadTemplate}",
      "responses": {
        "400": {
          "statusCode": "400"
        },
        "default": {
          "statusCode": "200",
          "responseParameters": {},
          "responseModels": {},
          "responseTemplates": {
            "application/json": "$${apiResponsePostReadTemplate}"
          }
        }
      }
    },
    {
      "path": "room",
      "method": "POST",
      "type": "AWS",
      "authorizationType": "none",
      "apiKeyRequired": false,
      "requestParameters": {},
      "requestTemplates": "$${apiRequestPostCreateTemplate}",
      "responses": {
        "400": {
          "statusCode": "400"
        },
        "default": {
          "statusCode": "200",
          "responseParameters": {},
          "responseModels": {},
          "responseTemplates": {
            "application/json": "$${apiResponsePostCreateTemplate}"
          }
        }
      }
    },
    {
      "path": "room",
      "method": "PUT",
      "type": "AWS",
      "authorizationType": "none",
      "apiKeyRequired": false,
      "requestParameters": {
        "integration.request.querystring.roomId": "method.request.querystring.roomId"
      },
      "requestTemplates": "$${apiRequestPostUpdateTemplate}",
      "responses": {
        "400": {
          "statusCode": "400"
        },
        "default": {
          "statusCode": "200",
          "responseParameters": {},
          "responseModels": {},
          "responseTemplates": {
            "application/json": ""
          }
        }
      }
    },
    {
      "path": "room",
      "method": "DELETE",
      "type": "AWS",
      "authorizationType": "none",
      "apiKeyRequired": false,
      "requestParameters": {
        "integration.request.querystring.postId": "method.request.querystring.roomId"
      },
      "requestTemplates": "$${apiRequestPostDeleteTemplate}",
      "responses": {
        "400": {
          "statusCode": "400"
        },
        "default": {
          "statusCode": "200",
          "responseParameters": {},
          "responseModels": {},
          "responseTemplates": {
            "application/json": ""
          }
        }
      }
    },
    {
      "path": "rooms",
      "method": "GET",
      "type": "AWS",
      "authorizationType": "none",
      "apiKeyRequired": false,
      "requestParameters": {},
      "requestTemplates": "$${apiRequestPostListTemplate}",
      "responses": {
        "400": {
          "statusCode": "400"
        },
        "default": {
          "statusCode": "200",
          "responseParameters": {},
          "responseModels": {},
          "responseTemplates": {
            "application/json": "$${apiResponsePostListTemplate}"
          }
        }
      }
    }
  ],
  "events": []
}